0,1405324340,utime,,bx(uT),by(uT),bz(uT),,B(uT),ax,,,,ay,,az,,,,,A,,,,,gx,,,gy,,,,gz,,,T(C),rate,,track,tilt,roll
0,1405324340,mins,,-1000,-1000,-1000,,,,,0,,,,-2000,-2000,-2000,,0,,,-2000,,-2000,-2000,-2000,,0,,0,,-180,-180
0,1405324340,maxs,,,1000,,1000,,1000,,,,1000,,,2000,,2000,,2000,2000,,2000,,,2000,,2000,,2000,,37000,360,180,180
0,1405324340,attr,,,,,F,,,,,F,,,,,F,,,,,,F,,,,,,F,,,,,F,,,,F,,,,,F,,,,,F,,,,,,F,,,,,F,,,,,F,,,,,I,F,F,F
0,1405324340,2593,4.96942,0.244648,-9.80122,10.9918,-1.41871,-0.09898,0.600479,1.54374,0.463768,0.904348,-0.0695652,1.80222,0,0,0,0
0,1405324342,4381,30.2736,1.81488,-58.8355,66.1922,-8.54459,-0.599913,3.63755,9.306,1.49815,5.64018,-1.36717,18.4556,4,0,0,0
0,1411255774,4294967295,30.2394,1.98568,-58.9834,66.3129,-8.54175,-0.593477,3.63992,9.30391,1.95739,5.83452,-0.740448,18.5416,3,0,0,0
