0,1405324340,utime,,clk,bx(uT),by(uT),bz(uT),,B(uT),ax,,,,ay,,az,,,,,A,,,,,gx,,,gy,,,,gz,,,T(C),track,tilt,roll
0,1405324340,mins,,,,0,,-1000,-1000,-1000,,,,,0,,,,-2000,-2000,-2000,,0,,,-2000,,-2000,-2000,-2000,0,,,-180,-180
0,1405324340,maxs,,37624,1000,,1000,,1000,,,,1000,,,2000,,2000,,2000,2000,,2000,,,2000,,2000,,2000,360,,180,,180
0,1405324340,attr,,,N,,,,,F,,,,,,F,,,,,F,,,,,,F,,,,,,F,,,,,F,,,,F,,,,,F,,,,,F,,,,,,F,,,,,F,,,,,F,,,,F,,,,F,,F
0,1405324340,2593,0,0,0,0,0,0,0,0,0,0,0,0,0,0,0,0
0,1405324342,4381,32592,65.117,12.9898,-43.7083,79.4945,1.44315,0.185663,9.4592,9.57046,-32.2985,-6.54449,6.07511,14.1091,0,0,0
0,1411255774,4294967295,33104,67.7457,13.3112,-45.2866,82.5684,1.61895,0.282042,10.2952,10.4256,-33.0824,-7.35896,6.51272,16.0131,0,0,0
